841682839	31/10/2024 Relatórios Fiscal
977833352	[RETAIL ESTOQUE][Cadastro de Produto] - Atributos de Produtos
654100120	Acertos Fiscais - Fiscal - P12
627111872	Apurações - Fiscal - P12
464972771	Arquivos Magnéticos - Fiscal - P12
784782300	Atualização de Dicionário Classificação Tributária - Fiscal - P12
497202878	Atualizações - Fiscal - P12
654284086	Banco de Conhecimento - Fiscal - P12
654284199	BC - Configurações
657057065	BC - FAQ - Apuração e Livros Fiscais
657057078	BC - FAQ - Arquivos Magnéticos
6076087	BC - FAQ - CIAP
657216307	BC - FAQ - Documentos Fiscais
657055880	BC - FAQ'S
654284181	BC - Menu - Livros Fiscais
654284154	BC - Pontos de Entrada
606084833	Cadastros - Fiscal - P12
841682134	Ciclo de Vida (SIGAFIS)
514454190	Conceitos - Fiscal - P12
653144946	Configurações - Cadastros e Parâmetros - Fiscal - P12
514456601	Configurações - Fiscal - P12
653143238	Configurações - Fundos e Contribuições - Fiscal - P12
655856010	Configurações - Funções Disponíveis
653143266	Configurações - ICMS - Fiscal - P12
653143971	Configurações - ICMS-ST - Fiscal - P12
653147856	Configurações - Importação - Fiscal - P12
654102732	Configurações - INSS - Fiscal - P12
653145507	Configurações - IPI - Fiscal - P12
653143855	Configurações - IRRF - Fiscal - P12
700503280	Configurações - ISS - Fiscal - P12
653144003	Configurações - PIS e COFINS - Fiscal - P12
702350590	Configurações - Rotinas Automáticas - Fiscal - P12
719662584	Consultas - Fiscal P12
527848707	Expedição Contínua - Fiscal - P12
606084955	Facilitadores - Fiscal - P12
727353490	FAQ - Apurações
695203181	FAQ - Arquivos Magnéticos
1018568875	FAQ - Boas praticas na utilização híbrida da ferramenta Configurador de Tributos e Tes (Legado)
684017023	FAQ - Como corrigir alerta do MATRAPR em RPO Padrão?
733199209	FAQ - Como funciona o campo GNRE DIFAL F2_GNRDIF?
663307806	FAQ - Como gerar Bloco I com integração do Módulo PLS no EFD Contribuições?
715149464	FAQ - Como gerar REGISTRO M220 - Ajustes da Contribuição para o PIS/Pasep Apurada?
789412442	FAQ - Como incluir notas fiscais com mesmo número, série, código e loja de fornecedor/cliente?
718970120	FAQ - Como preencher tag CBenef com tabela da receita 5.2?
732662573	FAQ - Como utilizar a pergunta \
718970048	FAQ - Documentos Fiscais
663305650	FAQ - EFD Contribuições
736167590	FAQ - EFDCON - Como preencher o campo 10 (INFO_COMPL) do Registro F525
663304266	FAQ - Fiscal - P12
721006849	FAQ - Informação sobre o preenchimento do campo D1_ALQSOL (Entrada de NF)
1070068057	FAQ - LC 224/25 - Como devem ser tratados os documentos fiscais que foram emitidos sem o cálculo via Configurador de Tributos?
852899309	FAQ - Posso fazer alteração de compartilhamento das tabelas relacionadas ao documento fiscal?
761005660	FAQ - Qual a data correta a ser considerada para a geração dos registros C100/C170?
699177071	FAQ - Qual a regra de geração do registro tipo 50 da DIME/SC - campo Valor Contábil Não Contribuinte?
684013057	FAQ - Relatórios - Fiscal - P12
745747853	FAQ - SPEDFISCAL - Como gerar o bloco H para produtos com o motivo de inventário 06 sem movimentação no período?
745133327	FAQ - SPEDFISCAL - Como Schedular geração do Arquivo
770963231	FAQ - SPEDFISCAL - Registro 1601 - Ao gerar o SPED FISCAL o registro 1601 é apresentado de todas as filiais, como resolver?
758487276	FAQ - SPEDFISCAL - Registro 1601 - Como gerar o registro sem utilizar as operações do SIGALOJA ou o ponto de entrada SPED1601?
758488305	FAQ - SPEDFISCAL - Registro 1601 - Como gerar um registro de uma operação com um banco no 1601?
770942059	FAQ - SPEDFISCAL - Registro 1601 - Movimento com banco não é apresentado no registro 1601 do SPED FISCAL, o que fazer?
758487749	FAQ - SPEDFISCAL - Registro 1601 - O que acontece ao utilizar o cadastro na FISA312 e o ponto de entrada SPED1601?
778796172	FAQ - SPEDFISCAL - Registro 1601 - Títulos compensados não aparecem no registro 1601, o que fazer?
781215788	FAQ - SPEDFISCAL - Registro C100 - Como o sistema determina a situação do documento?
923184811	FAQ \u2013 Descontinuação das operações fiscais da TES e adoção do Configurador de Tributos
789996435	Fiscal - Localizaciones
539527253	Funções - Fiscal - P12
697252452	INSS - Configurações para Retenção de INSS
514719960	Integrações - Fiscal - P12
741849829	IPI ZFM - Variações de configurações e parâmetros em operações de venda para Zona Franca de Manaus com incidência de IPI
642633714	LANPAD - Códigos de Lançamento Padrão para Contabilização dos valores das Apurações de ISS, IPI, PIS, COFINS e ICMS
600802823	Legislações
635557238	Listagem de Conferência - Fiscal - P12
841682166	Livros Fiscais - Rotinas que serão descontinuadas em 2024
635558729	Livros Oficiais - Fiscal - P12
570367508	Localizaciones - Fiscal - P12
691445494	MATA930 - Reprocessamento - Rotinas Automáticas
706119376	MATA930 - Reprocessamento dos Livros Fiscais
514445940	Menu do Módulo - Fiscal - P12
270923448	Miscelânea - Fiscal - P12
654106548	Movimentos - Fiscal - P12
991865200	Novas Apurações
270094017	Outras Ações - Fiscal - P12
653143958	Outras Configurações - Fiscal - P12
784782255	Pacotes Classificação Tributária - Fiscal - P12
702350606	PARÂMETROS - Outras Configurações
570045532	PISCOF - Configuração do campo F4_PISCRED
513414990	Pontos de Entrada - Fiscal - P12
594429504	Projetos Squad´s Fiscais
270923451	Relatórios - Fiscal - P12
635556853	Relatórios Outros Países - Fiscal P12
977833248	RETAIL - Backoffice
1063922688	Rotinas que serão descontinuadas em 12/2026
1022391493	Smart View - Agente fiscal por imposto - ARG
1036752243	Smart View - Archivos Distritales - COL
1023292552	Smart View - Auxiliar de Impostos - Colômbia
1023292617	Smart View - DIOT (DECLARAÇÃO INFORMATIVA DE OPERAÇÕES COM TERCEIROS)- MEX
1023292647	Smart View - Empresas por zona fiscal - ARGl - ARG
789996667	Smart View - Libro Fiscal de Compra y Ventas - Paraguay
793804915	Smart View - Livros fiscais de vendas - Argentina
1023292691	Smart View - Lucros Fundo cooperativo - Argentina
759937508	SmartView - Fiscal
790641437	Smartview - Fiscal - P12 - Consultas
634514052	Sped - Fiscal - P12
706118700	TES - Configuração de TES para Uso/Consumo (CFOP 1556)
706118422	TES - Configuração para ICMS Dispensado
